No.,Target Organization,Segment,Why it fits,Primary role to approach,Champion (secondary contact),Warm-intro path,Opening angle,Priority,Named individual (VERIFY on LinkedIn),Mutual connection?,Status / next step
1,DIFC Innovation Hub,Ecosystem / intro engine,The front door to DIFC-licensed fintechs; runs FinTech Hive; makes warm intros for value-add vendors.,Head of Innovation / Ecosystem,FinTech Hive Programme Manager,Apply to / partner with FinTech Hive; ecosystem RMs introduce vetted vendors to cohort startups.,A compliance-proof layer that helps YOUR cohort ship AI to clients without a record-keeping gap.,High,,,
2,Hub71 (Abu Dhabi),Ecosystem / intro engine,ADGM startup hub; portfolio full of AI-adopting fintechs needing governance to scale.,Ecosystem / Partnerships Lead,Portfolio Success Manager,Partner as an ecosystem vendor; portfolio managers connect you to relevant founders.,Give your AI-first portfolio a provable compliance trail before their first audit.,High,,,
3,DFSA (Dubai Financial Services Authority),Regulator / validator,The DIFC regulator; not a customer but the authority whose record-keeping rules create the need.,Head of Innovation / RegTech,Supervision — Innovation team,Engage via DFSA's innovation/RegTech outreach and sandbox programme.,A RegTech that makes licensees' AI records independently verifiable — aligned to Reg 10.,Med,,,
4,ADGM / FSRA (Abu Dhabi),Regulator / validator,ADGM's regulator; runs the RegLab sandbox; a relationship legitimises you to every ADGM firm.,RegLab / Innovation Lead,Authorisation team,Apply to the RegLab sandbox; sandbox alumni get ecosystem visibility.,Independently-verifiable AI audit trails for RegLab participants.,Med,,,
5,Sarwa,Ring 1 · Fintech (client-facing AI),"ADGM robo-advisor giving automated, individualised investment guidance — exactly the advice-classification use case.",Chief Compliance Officer / MLRO,Head of Product / Engineering,Shared ADGM/Hub71 ecosystem; mutual investor intros; FinTech Hive alumni network.,Prove every automated recommendation was checked and unaltered — before a regulator asks.,High,,,
6,baraka,Ring 1 · Fintech (client-facing AI),DIFC investing app with AI-driven insights to retail clients; capital-markets content risk.,Head of Compliance,Co-founder / CPO,DIFC Innovation Hub cohort; mutual DIFC-founder intros.,A tamper-evident record for the AI insights you put in front of retail investors.,High,,,
7,Wio Bank (Abu Dhabi),Ring 1/2 · Digital bank,AI-native digital bank; heavy automation in client comms and decisioning.,Chief Compliance Officer,Head of AI / Data,ADGM ecosystem; Big-4 FS risk partners who advise them.,"Governance that lets your AI features launch with an auditable trail, not a compliance hold.",High,,,
8,Zand Bank (Dubai),Ring 1/2 · Digital bank,Digital-first bank positioning on tech; likely early AI adoption in client workflows.,Head of Compliance / MLRO,Chief Technology Officer,DIFC ecosystem; shared advisors.,"Prove what your AI told a client, months later, to anyone.",Med,,,
9,Mashreq (Mashreq Neo),Ring 2 · Bank,Large UAE bank with a strong digital/AI innovation agenda (Neo).,Chief Compliance Officer,Head of Digital / Innovation,Big-4 (PwC/KPMG/Deloitte ME) FS-risk partners; DIFC events.,Turn AI-governance from a launch blocker into a provable control.,Med,,,
10,Emirates NBD (incl. Liv),Ring 2 · Bank,One of the region's largest banks; active AI/innovation labs; formal compliance function.,Group Chief Compliance Officer,Head of AI / Innovation Lab,Big-4 channel; DIFC FinTech Hive corporate partner programme.,Board-ready proof that every AI decision is recorded and unforgeable.,Med,,,
11,First Abu Dhabi Bank (FAB),Ring 2 · Bank,Largest UAE bank; enterprise AI programmes; heavy regulatory scrutiny.,Head of Regulatory Compliance,Head of AI / Data Science,Big-4 ME FS-risk practice; ADGM ecosystem.,"An insurance-grade audit layer for enterprise AI, verifiable by your regulator.",Med,,,
12,Abu Dhabi Commercial Bank (ADCB),Ring 2 · Bank,Major bank with digital transformation and AI initiatives.,Chief Compliance Officer,Head of Digital Transformation,Big-4 channel; ADGM events.,Provable AI record-keeping aligned to your licence conditions.,Med,,,
13,Dubai Islamic Bank (DIB),Ring 2 · Bank,Large Islamic bank; AI adoption plus Shariah-governance documentation needs.,Head of Compliance / Shariah Governance,Head of Innovation,DIFC ecosystem; Big-4.,A tamper-evident trail for AI outputs — and for the governance decisions around them.,Low,,,
14,Lunate (Abu Dhabi),Ring 2 · Asset management,Large ADGM asset manager; AI in research/ops; institutional record-keeping bar.,Head of Compliance,Head of Technology,ADGM ecosystem; institutional advisor intros.,Independently-verifiable records for AI used in the investment process.,Low,,,
15,Daman Investments,Ring 2 · Asset / wealth,UAE asset manager / wealth; client-facing investment content.,Compliance Officer / MLRO,Head of Investments / Digital,DIFC/ADGM events; mutual advisor intros.,Prove the AI-assisted advice your clients receive was checked and unaltered.,Low,,,
16,Tabby,Ring 1 · Fintech (scale),Region's largest BNPL/fintech; heavy ML in credit/decisioning; data-protection exposure.,Head of Compliance / DPO,Head of Risk / ML,Hub71/DIFC ecosystem; top-tier investor intros (mutual VCs).,A verifiable trail for automated decisions that affect customers — PDPL-aligned.,Med,,,
17,YAP,Ring 1 · Fintech,Digital banking app; AI in client comms and personalisation.,Head of Compliance,CPO / Head of Data,DIFC ecosystem; mutual founder intros.,"Ship AI features with an auditable record, not a compliance backlog.",Med,,,
18,Ziina,Ring 1 · Fintech,Consumer payments fintech (ADGM); AI adoption and DP obligations.,Compliance Lead,Co-founder / CTO,Hub71 alumni network; mutual investors.,Provable AI compliance built for a fast-moving product team.,Low,,,
19,PwC Middle East — FS Risk & RegTech,Channel / intro partner,Advises most of the above on AI governance; a referral channel and credibility multiplier.,"Partner, FS Risk & Regulation","Director, RegTech / AI Assurance",Direct outreach to the RegTech/AI-assurance practice; propose a referral partnership.,A verifiable-audit layer your FS clients need — partner to deliver it.,High,,,
20,KPMG / Deloitte ME — Regulatory & AI,Channel / intro partner,Big-4 FS-risk practices sit between vendors and regulated buyers; warm intros at scale.,"Partner, Financial Services Regulatory","Director, Digital Risk / AI",Outreach to the FS regulatory practice; co-propose to shared prospects.,Bring your regulated clients a tamper-evident AI record; we power it.,High,,,
